id,first_name,last_name,email,gender,ip_address
1,Linda,Edwards,ledwards0@shop-pro.jp,Female,18.176.251.28
2,Norma,Graham,ngraham1@aol.com,Female,203.102.38.1
3,Aaron,Riley,ariley2@umn.edu,Male,35.229.51.100
4,Andrea,Day,aday3@geocities.jp,Female,209.117.176.251
5,Jennifer,Day,jday4@sourceforge.net,Female,15.61.81.157
6,Philip,Flores,pflores5@marketwatch.com,Male,8.89.109.77
7,Tina,Lynch,tlynch6@squarespace.com,Female,16.200.117.98
8,Ashley,Stanley,astanley7@icq.com,Female,135.52.72.21
9,Cheryl,Stevens,cstevens8@acquirethisname.com,Female,116.242.151.111
10,Bruce,Wood,bwood9@altervista.org,Male,113.68.233.166
11,Mildred,Rodriguez,mrodrigueza@goo.ne.jp,Female,249.253.66.157
12,Lisa,Henderson,lhendersonb@storify.com,Female,168.166.120.252
13,Ruby,Peters,rpetersc@un.org,Female,214.174.30.251
14,Adam,Montgomery,amontgomeryd@nih.gov,Male,73.143.87.1
15,Michael,Alexander,malexandere@arizona.edu,Male,77.157.177.80
16,Ruth,Morales,rmoralesf@zdnet.com,Female,224.35.200.232
17,Harold,Barnes,hbarnesg@ucsd.edu,Male,136.87.250.169
18,Kathryn,Cox,kcoxh@china.com.cn,Female,137.138.226.107
19,Heather,Gordon,hgordoni@paypal.com,Female,12.249.208.120
20,Peter,Oliver,poliverj@gmpg.org,Male,83.137.230.16
21,Ryan,Russell,rrussellk@twitpic.com,Male,141.135.155.215
22,Doris,Morgan,dmorganl@typepad.com,Female,251.5.217.10
23,Shawn,Carpenter,scarpenterm@adobe.com,Male,227.20.210.68
24,Christine,Porter,cportern@virginia.edu,Female,168.105.186.93
25,Willie,Wright,wwrighto@psu.edu,Male,243.144.63.164
26,Victor,Walker,vwalkerp@weebly.com,Male,141.197.6.176
27,Jose,Porter,jporterq@biglobe.ne.jp,Male,252.217.224.139
28,Bruce,Cole,bcoler@youku.com,Male,20.46.165.170
29,Margaret,Andrews,mandrewss@wikia.com,Female,42.179.247.151
30,Carol,Phillips,cphillipst@people.com.cn,Female,245.63.147.55
31,Theresa,Perkins,tperkinsu@dell.com,Female,107.212.222.215
32,Maria,Johnston,mjohnstonv@barnesandnoble.com,Female,248.217.204.234
33,Catherine,Carter,ccarterw@facebook.com,Female,119.117.42.137
34,Andrew,Hayes,ahayesx@ebay.com,Male,215.102.8.44
35,Gary,Cook,gcooky@merriam-webster.com,Male,172.180.127.61
36,Jack,Bell,jbellz@netvibes.com,Male,137.93.192.143
37,Karen,Jenkins,kjenkins10@nytimes.com,Female,22.21.86.168
38,Sarah,Russell,srussell11@sphinn.com,Female,79.63.11.43
39,Antonio,Jackson,ajackson12@altervista.org,Male,174.209.80.60
40,Amanda,Thompson,athompson13@google.com.hk,Female,120.192.90.29
41,Harold,Shaw,hshaw14@feedburner.com,Male,78.110.155.107
42,Russell,Taylor,rtaylor15@privacy.gov.au,Male,71.113.20.177
43,Karen,Harvey,kharvey16@histats.com,Female,167.127.111.149
44,Bruce,Baker,bbaker17@soundcloud.com,Male,167.163.102.120
45,Daniel,Perez,dperez18@youku.com,Male,98.190.97.191
46,Virginia,Gibson,vgibson19@vimeo.com,Female,187.173.159.42
47,Evelyn,Larson,elarson1a@php.net,Female,246.80.219.220
48,Ruth,Grant,rgrant1b@hc360.com,Female,104.3.50.167
49,George,Hicks,ghicks1c@miibeian.gov.cn,Male,148.92.79.60
50,Craig,Clark,cclark1d@infoseek.co.jp,Male,252.99.139.115
51,Angela,Miller,amiller1e@microsoft.com,Female,24.243.108.236
52,Mary,Ramos,mramos1f@vistaprint.com,Female,249.147.200.186
53,Heather,Brooks,hbrooks1g@jimdo.com,Female,99.220.34.199
54,Anne,Edwards,aedwards1h@guardian.co.uk,Female,120.178.207.146
55,Maria,Ortiz,mortiz1i@google.com.hk,Female,141.185.248.219
56,Sean,Moore,smoore1j@furl.net,Male,99.157.156.172
57,Lori,Stephens,lstephens1k@free.fr,Female,77.130.6.202
58,Anna,Perez,aperez1l@imageshack.us,Female,230.158.68.17
59,Henry,Robinson,hrobinson1m@oracle.com,Male,180.232.45.142
60,Martha,Martinez,mmartinez1n@desdev.cn,Female,86.176.72.59
61,Walter,Kelly,wkelly1o@lycos.com,Male,211.125.179.164
62,Anthony,Jenkins,ajenkins1p@51.la,Male,202.87.165.254
63,Irene,Ward,iward1q@mail.ru,Female,97.76.84.139
64,Rebecca,Mills,rmills1r@1688.com,Female,35.213.195.84
65,Kathy,Alexander,kalexander1s@nba.com,Female,213.138.122.124
66,Steven,Shaw,sshaw1t@sina.com.cn,Male,236.96.61.163
67,Jeremy,Rose,jrose1u@home.pl,Male,95.63.69.0
68,Jane,Griffin,jgriffin1v@mail.ru,Female,107.80.78.11
69,Andrea,Mills,amills1w@netscape.com,Female,48.156.37.189
70,Frances,Kelley,fkelley1x@privacy.gov.au,Female,252.0.12.49
71,Alice,Hall,ahall1y@list-manage.com,Female,218.217.159.148
72,Bobby,Wood,bwood1z@blog.com,Male,13.141.184.247
73,Rose,Nelson,rnelson20@posterous.com,Female,114.92.0.118
74,Ronald,Murphy,rmurphy21@oaic.gov.au,Male,203.122.229.0
75,Lisa,Reid,lreid22@engadget.com,Female,31.108.75.241
76,Henry,White,hwhite23@sphinn.com,Male,89.11.148.75
77,Harold,Burton,hburton24@shareasale.com,Male,2.214.112.103
78,Julia,Jenkins,jjenkins25@hhs.gov,Female,152.117.30.22
79,Craig,Mcdonald,cmcdonald26@pinterest.com,Male,88.53.50.111
80,Alice,Spencer,aspencer27@qq.com,Female,99.215.32.200
81,Linda,Mills,lmills28@feedburner.com,Female,174.0.49.5
82,Julie,Hart,jhart29@sphinn.com,Female,14.7.159.115
83,Julie,Diaz,jdiaz2a@nyu.edu,Female,123.236.85.22
84,Lisa,Mills,lmills2b@adobe.com,Female,61.98.142.215
85,Carl,Perez,cperez2c@smh.com.au,Male,123.78.198.177
86,Fred,Perry,fperry2d@discuz.net,Male,56.235.5.250
87,Howard,Freeman,hfreeman2e@wufoo.com,Male,168.239.137.107
88,Steve,Black,sblack2f@privacy.gov.au,Male,240.23.119.104
89,Judy,Vasquez,jvasquez2g@blog.com,Female,229.200.154.42
90,Bobby,Peters,bpeters2h@irs.gov,Male,47.11.251.9
91,Shawn,Robertson,srobertson2i@pinterest.com,Male,99.220.245.49
92,Mark,Watkins,mwatkins2j@si.edu,Male,27.98.232.42
93,Shawn,Robertson,srobertson2k@microsoft.com,Male,130.112.234.174
94,Christina,Shaw,cshaw2l@archive.org,Female,133.133.40.78
95,Martin,Fox,mfox2m@un.org,Male,149.102.19.127
96,Deborah,Stewart,dstewart2n@flavors.me,Female,60.32.32.61
97,Christine,Mccoy,cmccoy2o@t-online.de,Female,253.159.242.21
98,Karen,Arnold,karnold2p@cyberchimps.com,Female,62.198.18.81
99,Walter,Porter,wporter2q@about.me,Male,182.192.231.245
100,Jane,Henderson,jhenderson2r@typepad.com,Female,60.79.96.5
